{
    "macro_f1": 0.8883530673507053,
    "accuracy": 0.88836
}